<?xml version="1.0" encoding="UTF-8"?>
<beans xmlns="http://www.springframework.org/schema/beans"
	xmlns:xsi="http://www.w3.org/2001/XMLSchema-instance"
	xmlns:context="http://www.springframework.org/schema/context"
	xmlns:mvc="http://www.springframework.org/schema/mvc"
	xmlns:tx="http://www.springframework.org/schema/tx"
	xsi:schemaLocation="http://www.springframework.org/schema/mvc http://www.springframework.org/schema/mvc/spring-mvc-4.3.xsd
		http://www.springframework.org/schema/beans http://www.springframework.org/schema/beans/spring-beans.xsd
		http://www.springframework.org/schema/context http://www.springframework.org/schema/context/spring-context-4.3.xsd
		http://www.springframework.org/schema/tx http://www.springframework.org/schema/tx/spring-tx-4.3.xsd">

	<context:component-scan base-package="com.move02.board"/>
	<mvc:annotation-driven/>
	<tx:annotation-driven transaction-manager="txManager"/>
	<mvc:resources location="/resources/" mapping="/resources/**" />

	<bean class="org.springframework.web.servlet.view.InternalResourceViewResolver">
		<property name="prefix" value="/WEB-INF/views/"/>
		<property name="suffix" value=".jsp"/>
	</bean>
	
	<!-- mvc 인터셉터 정의 -->
	<mvc:interceptors>
		<mvc:interceptor>
			<!-- 모든 URL 요청 mvc 인터셉터를 거치게 하도록 정의 -->
			<mvc:mapping path="/**/*"/>
			<!--mvc 인터셉터를 거치지 않고 예외 시킬 URL 요청들 정의 -->
			<mvc:exclude-mapping path="/login"/>
			<mvc:exclude-mapping path="/session/create"/>
			<mvc:exclude-mapping path="/"/>
			<mvc:exclude-mapping path="/resources/**"/>
			<mvc:exclude-mapping path="/home/"/>
			<mvc:exclude-mapping path="/user/new"/>
			<mvc:exclude-mapping path="/user/create"/>
			<mvc:exclude-mapping path="/user/checkuname"/>
			<mvc:exclude-mapping path="/user/checknname"/>
			<!--mvc 인터셉터 컨트롤러 빈객체 정의 -->
			<bean class="com.move02.board.utils.AuthInterceptor"></bean>
  		</mvc:interceptor>
  	</mvc:interceptors>
	
	<bean id="bcryptPasswordEncoder" class="org.springframework.security.crypto.bcrypt.BCryptPasswordEncoder" />
</beans>
