<?xml version="1.0" encoding="UTF-8"?>
<beans xmlns="http://www.springframework.org/schema/beans"
	xmlns:xsi="http://www.w3.org/2001/XMLSchema-instance"
	xmlns:mvc="http://www.springframework.org/schema/mvc"
	xmlns:util="http://www.springframework.org/schema/util"
	xmlns:context="http://www.springframework.org/schema/context"
	xsi:schemaLocation="http://www.springframework.org/schema/mvc http://www.springframework.org/schema/mvc/spring-mvc-4.3.xsd
		http://www.springframework.org/schema/beans http://www.springframework.org/schema/beans/spring-beans.xsd
		http://www.springframework.org/schema/context http://www.springframework.org/schema/context/spring-context-4.3.xsd
		http://www.springframework.org/schema/util http://www.springframework.org/schema/util/spring-util-4.3.xsd">

	<!-- Multi language -->
	<bean id="messageSource"
		class="org.springframework.context.support.ResourceBundleMessageSource">
		<property name="basenames">
			<list>
				<value>messages/messages</value>
			</list>
		</property>
	</bean>
	<bean id="localeResolver"
		class="org.springframework.web.servlet.i18n.SessionLocaleResolver">
	</bean>
	<mvc:interceptors>
		<bean
			class="org.springframework.web.servlet.i18n.LocaleChangeInterceptor">
			<property name="paramName" value="lang" />
		</bean>
	</mvc:interceptors>
	
	<context:property-placeholder location="classpath:validator.properties" />
	<util:properties id="database"
		location="classpath:database.properties" />

	<bean id="sessionFactory"
		class="org.springframework.orm.hibernate5.LocalSessionFactoryBean">
		<property name="dataSource" ref="dataSource" />
		<property name="packagesToScan" value="com.move02.board.model" />
		<property name="hibernateProperties">
			<props>
				<prop key="hibernate.hbm2ddl.auto">#{database['hibernate.hbm2ddl.auto']}</prop>
				<prop key="hibernate.dialect">#{database['hibernate.dialect']}</prop>
				<prop key="hibernate.jdbc.batch_size">#{database['hibernate.jdbc.batch_size']}</prop>	
				<prop key="hibernate.search.default.directory_provider">filesystem</prop>
				<prop key="hibernate.search.default.indexBase">C:\hibernate</prop>			
			</props>
		</property>
	</bean>

	<!-- Database Setting -->
	<bean id="dataSource"
		class="org.springframework.jdbc.datasource.DriverManagerDataSource">
		<property name="driverClassName"
			value="#{database['jdbc.driverClassName']}" />
		<property name="url" value="#{database['jdbc.url']}" />
		<property name="username"
			value="#{database['jdbc.username']}" />
		<property name="password"
			value="#{database['jdbc.password']}" />
	</bean>

	<!-- Transaction Setting -->
	<bean id="txManager"
		class="org.springframework.orm.hibernate5.HibernateTransactionManager">
		<property name="sessionFactory" ref="sessionFactory" />
	</bean>
	
	<bean id="multipartResolver" class="org.springframework.web.multipart.commons.CommonsMultipartResolver">
    	<property name="maxUploadSize" value="2000000" />
	</bean> 

</beans>
