filename,width,height,class,xmin,ymin,xmax,ymax
000001.JPG,960,1280,cat,194,333,941,1280
000001.JPG,960,1280,cat-face,250,394,821,953
000002.JPG,902,708,cat,259,358,720,627
000002.JPG,902,708,cat-face,383,375,705,627
000003.jpg,767,1265,cat,20,59,672,1238
000003.jpg,767,1265,cat-face,72,152,664,856
000004.jpg,1280,720,cat,155,1,1095,720
000004.jpg,1280,720,cat-face,178,2,1055,665
000005.jpg,680,448,cat,17,2,633,448
000005.jpg,680,448,cat-face,307,2,546,228
000006.jpg,1920,1280,cat,15,95,1867,1164
000006.jpg,1920,1280,cat-face,902,119,1850,941
000007.jpg,1024,774,cat,17,88,870,732
000007.jpg,1024,774,cat-face,231,64,872,667
000008.jpg,571,612,cat,44,44,518,568
000008.jpg,571,612,cat-face,281,45,515,295
000009.jpg,1920,1279,cat,7,126,1578,1193
000009.jpg,1920,1279,cat-face,738,148,1619,1131
000011.jpg,500,332,cat,18,32,489,276
000011.jpg,500,332,cat-face,269,81,485,274
000012.jpg,500,566,cat,17,1,500,554
000012.jpg,500,566,cat-face,118,1,500,352
000013.jpg,620,620,cat,36,47,581,590
000013.jpg,620,620,cat-face,38,318,347,588
000014.jpg,600,928,cat,47,79,579,881
000014.jpg,600,928,cat-face,334,84,542,250
000015.jpeg,539,587,cat,3,68,433,587
000015.jpeg,539,587,cat-face,2,76,417,536
000017.jpg,640,300,cat,8,13,315,300
000017.jpg,640,300,cat,372,12,606,300
000017.jpg,640,300,cat-face,7,12,254,264
000017.jpg,640,300,cat-face,375,14,609,216
000018.jpeg,539,587,cat,1,70,411,587
000018.jpeg,539,587,cat-face,4,69,451,522
000019.jpg,365,365,cat,3,2,363,365
000019.jpg,365,365,cat-face,3,2,363,320
000020.jpg,620,620,cat,41,102,486,620
000020.jpg,620,620,cat-face,215,101,472,344
000022.jpg,1280,720,cat,7,42,1068,720
000022.jpg,1280,720,cat-face,717,139,970,377
000023.jpg,1280,720,cat,158,6,1104,720
000023.jpg,1280,720,cat-face,178,1,1032,669
000024.jpg,857,1200,cat,225,37,857,563
000024.jpg,857,1200,cat-face,258,39,857,555
000025.png,1000,751,cat,1,49,462,656
000025.png,1000,751,cat,472,141,1000,750
000025.png,1000,751,cat-face,97,58,466,471
000025.png,1000,751,cat-face,578,163,877,493
000028.jpg,1280,720,cat,159,326,491,663
000028.jpg,1280,720,cat,502,355,688,702
000028.jpg,1280,720,cat,716,310,867,610
000028.jpg,1280,720,cat,559,105,733,367
000028.jpg,1280,720,cat,867,155,1143,464
000028.jpg,1280,720,cat-face,174,331,286,445
000028.jpg,1280,720,cat-face,571,361,689,487
000028.jpg,1280,720,cat-face,738,312,843,425
000028.jpg,1280,720,cat-face,889,153,998,264
000028.jpg,1280,720,cat-face,661,110,751,203
000029.png,600,585,cat,146,119,441,551
000029.png,600,585,cat-face,191,118,423,343
000030.jpg,560,373,cat,55,22,491,356
000030.jpg,560,373,cat-face,153,28,432,268
000031.jpg,960,640,cat,164,11,738,460
000031.jpg,960,640,cat-face,155,13,714,465
000032.jpg,1024,576,cat,105,32,802,537
000032.jpg,1024,576,cat-face,648,198,805,369
000033.jpeg,4000,3000,cat,1572,796,2804,2328
000033.jpeg,4000,3000,cat-face,1814,815,2820,1654
000034.jpg,620,465,cat,106,104,597,427
000034.jpg,620,465,cat,1,11,423,393
000034.jpg,620,465,cat-face,225,11,374,162
000034.jpg,620,465,cat-face,364,109,543,286
000036.jpg,722,1030,cat,5,20,722,1018
000036.jpg,722,1030,cat-face,162,19,579,440
000038.jpg,764,525,cat,312,49,718,510
000038.jpg,764,525,cat-face,322,54,510,214
000039.jpg,486,654,cat,45,21,475,628
000039.jpg,486,654,cat-face,285,20,463,192
000040.jpeg,630,630,cat,199,10,445,332
000040.jpeg,630,630,cat-face,205,10,427,222
000041.jpg,700,419,cat,3,24,233,419
000041.jpg,700,419,cat,241,29,467,419
000041.jpg,700,419,cat,473,50,700,416
000041.jpg,700,419,cat-face,7,49,212,247
000041.jpg,700,419,cat-face,248,29,460,235
000041.jpg,700,419,cat-face,475,47,691,257
000042.jpg,630,420,cat,1,75,238,332
000042.jpg,630,420,cat,265,13,610,420
000042.jpg,630,420,cat-face,106,74,234,185
000042.jpg,630,420,cat-face,283,14,416,141
000043.jpg,540,359,cat,1,126,355,359
000043.jpg,540,359,cat-face,120,125,326,298
000044.jpg,1600,900,cat,329,26,854,839
000044.jpg,1600,900,cat,808,11,1493,854
000044.jpg,1600,900,cat-face,487,30,849,404
000044.jpg,1600,900,cat-face,821,11,1243,392
000045.jpg,550,641,cat,214,58,443,551
000045.jpg,550,641,cat-face,256,57,417,259
000046.jpg,500,334,cat,65,8,500,323
000046.jpg,500,334,cat-face,70,12,318,257
000047.JPG,640,593,cat,156,45,507,544
000047.JPG,640,593,cat-face,180,44,362,219
000049.jpg,550,549,cat,154,3,550,462
000049.jpg,550,549,cat-face,163,2,347,196
000050.jpg,1280,720,cat,538,18,1280,714
000050.jpg,1280,720,cat-face,542,24,956,417
000051.jpg,720,720,cat,245,243,475,525
000051.jpg,720,720,cat-face,296,248,434,373
000052.jpg,960,1251,cat,3,14,960,1229
000052.jpg,960,1251,cat-face,31,32,932,877
000055.jpg,1200,1200,cat,285,589,637,1147
000055.jpg,1200,1200,cat-face,342,596,637,914
000056.JPG,1423,800,cat,14,115,464,749
000056.JPG,1423,800,cat,474,161,804,739
000056.JPG,1423,800,cat,857,79,1417,740
000056.JPG,1423,800,cat,635,23,853,183
000056.JPG,1423,800,cat-face,239,111,462,340
000056.JPG,1423,800,cat-face,656,21,764,144
000056.JPG,1423,800,cat-face,639,161,838,405
000056.JPG,1423,800,cat-face,875,68,1093,299
000057.jpg,835,835,cat,68,8,803,772
000057.jpg,835,835,cat-face,68,3,604,453
000058.jpg,500,612,cat,105,9,500,528
000058.jpg,500,612,cat-face,174,12,366,217
000059.jpg,600,400,cat,105,17,443,365
000059.jpg,600,400,cat-face,178,24,436,233
000060.jpg,384,481,cat,52,62,343,458
000060.jpg,384,481,cat-face,110,65,223,179
000061.jpg,760,572,cat,58,5,711,542
000061.jpg,760,572,cat-face,224,3,561,300
000062.jpeg,720,720,cat,185,10,591,650
000062.jpeg,720,720,cat-face,224,13,443,203
000063.jpg,550,466,cat,67,40,324,349
000063.jpg,550,466,cat,252,43,515,343
000063.jpg,550,466,cat-face,64,46,187,152
000063.jpg,550,466,cat-face,256,44,363,147
000065.jpg,1024,415,cat,411,68,951,352
000065.jpg,1024,415,cat-face,441,91,873,327
000066.jpg,700,467,cat,283,7,700,462
000066.jpg,700,467,cat-face,279,10,700,391
000067.jpg,1200,780,cat,397,271,695,723
000067.jpg,1200,780,cat-face,406,277,637,465
000068.jpeg,600,800,cat,4,32,293,773
000068.jpeg,600,800,cat,351,100,579,677
000068.jpeg,600,800,cat-face,68,29,306,281
000068.jpeg,600,800,cat-face,398,85,580,329
000069.jpg,520,339,cat,24,41,504,312
000069.jpg,520,339,cat-face,134,46,345,264
000070.jpg,1024,681,cat,133,6,1024,671
000070.jpg,1024,681,cat-face,130,1,936,612
000071.jpg,740,554,cat,319,16,559,435
000071.jpg,740,554,cat-face,320,31,522,219
000072.jpg,700,525,cat,123,192,572,413
000072.jpg,700,525,cat-face,387,186,546,335
000073.jpg,750,550,cat,198,100,553,454
000073.jpg,750,550,cat-face,204,109,544,437
000074.jpg,946,486,cat,113,1,601,486
000074.jpg,946,486,cat-face,120,2,603,381
000075.jpg,550,641,cat,211,63,445,554
000075.jpg,550,641,cat-face,257,60,426,259
000076.png,374,600,cat,69,147,374,516
000076.png,374,600,cat-face,73,151,275,336
000077.jpg,610,457,cat,2,8,594,457
000077.jpg,610,457,cat-face,141,1,507,347
000078.jpg,600,400,cat,104,18,411,385
000078.jpg,600,400,cat-face,264,21,388,145
000079.JPG,640,542,cat,123,134,608,473
000079.JPG,640,542,cat-face,150,133,357,342
000080.jpg,1024,1024,cat,73,256,926,1024
000080.jpg,1024,1024,cat-face,86,249,949,930
000083.jpeg,720,720,cat,128,251,560,513
000083.jpeg,720,720,cat-face,137,261,296,395
000084.jpeg,700,467,cat,211,46,533,446
000084.jpeg,700,467,cat-face,209,41,364,188
000085.jpg,960,639,cat,247,17,760,616
000085.jpg,960,639,cat-face,369,22,756,350
000086.jpeg,630,421,cat,186,49,519,369
000086.jpeg,630,421,cat-face,209,45,497,252
000087.jpg,600,421,cat,264,273,449,395
000087.jpg,600,421,cat,149,208,242,325
000087.jpg,600,421,cat,280,35,365,183
000087.jpg,600,421,cat,354,89,446,195
000087.jpg,600,421,cat,227,103,329,196
000087.jpg,600,421,cat,195,142,283,259
000087.jpg,600,421,cat-face,177,203,238,257
000088.jpg,777,1111,cat,48,201,763,1013
000088.jpg,777,1111,cat-face,73,201,726,853
000089.jpeg,630,473,cat,40,8,566,471
000089.jpeg,630,473,cat-face,132,12,486,362
000090.jpg,640,479,cat,114,92,452,407
000090.jpg,640,479,cat,161,35,332,129
000090.jpg,640,479,cat-face,298,99,464,289
000091.jpg,2208,2208,cat,638,506,1567,1923
000091.jpg,2208,2208,cat-face,695,506,1545,1351
000093.jpg,620,583,cat,133,28,451,430
000093.jpg,620,583,cat-face,186,149,417,372
000094.jpg,300,234,cat,45,1,291,225
000094.jpg,300,234,cat-face,55,1,293,206
000095.jpg,615,494,cat,283,60,445,383
000095.jpg,615,494,cat-face,284,60,447,233
000096.jpg,630,577,cat,85,151,320,416
000096.jpg,630,577,cat,309,145,554,392
000096.jpg,630,577,cat-face,142,178,281,320
000096.jpg,630,577,cat-face,391,126,561,284
000098.jpg,720,577,cat,494,86,619,276
000098.jpg,720,577,cat,226,11,392,159
000098.jpg,720,577,cat,166,135,304,229
000098.jpg,720,577,cat,55,136,219,267
000098.jpg,720,577,cat,169,174,373,335
000098.jpg,720,577,cat,381,215,474,384
000098.jpg,720,577,cat,26,219,296,407
000098.jpg,720,577,cat,338,365,503,576
000098.jpg,720,577,cat-face,389,212,472,303
000098.jpg,720,577,cat-face,529,83,610,171
000098.jpg,720,577,cat-face,58,184,131,247
000099.jpeg,700,467,cat,1,49,679,446
000099.jpeg,700,467,cat-face,315,146,680,424
000100.jpg,630,420,cat,99,29,628,420
000100.jpg,630,420,cat-face,127,28,462,323
000101.jpg,250,417,cat,34,21,202,411
000101.jpg,250,417,cat-face,47,25,179,145
000102.jpg,960,599,cat,6,41,959,548
000102.jpg,960,599,cat-face,390,28,946,532
000103.jpeg,720,720,cat,363,107,715,720
000103.jpeg,720,720,cat-face,376,109,687,442
000104.jpeg,700,394,cat,212,177,304,320
000104.jpeg,700,394,cat,298,196,363,297
000104.jpeg,700,394,cat,341,214,531,361
000104.jpeg,700,394,cat-face,467,202,527,252
000104.jpeg,700,394,cat-face,311,194,358,237
000104.jpeg,700,394,cat-face,227,179,285,242
000106.jpg,600,800,cat,109,129,464,615
000106.jpg,600,800,cat-face,227,126,467,393
000107.jpg,773,512,cat,133,229,379,464
000107.jpg,773,512,cat,310,26,625,480
000107.jpg,773,512,cat-face,313,19,614,269
000107.jpg,773,512,cat-face,132,234,386,482
000108.jpg,600,632,cat,109,123,492,505
000108.jpg,600,632,cat-face,261,121,422,295
000109.jpg,630,420,cat,95,30,630,419
000109.jpg,630,420,cat-face,100,24,482,349
000110.jpg,720,466,cat,7,91,349,466
000110.jpg,720,466,cat-face,117,91,351,317
000111.jpeg,720,1280,cat,282,218,717,1264
000111.jpeg,720,1280,cat,5,142,438,1269
000111.jpeg,720,1280,cat-face,126,195,379,442
000111.jpeg,720,1280,cat-face,342,217,588,515
000112.JPG,720,480,cat,253,64,720,479
000112.JPG,720,480,cat-face,285,68,611,343
000113.jpg,571,571,cat,139,140,556,571
000113.jpg,571,571,cat-face,144,138,554,483
000114.jpeg,700,467,cat,207,45,537,449
000114.jpeg,700,467,cat-face,210,50,372,186
000115.JPG,640,559,cat,92,79,458,484
000115.JPG,640,559,cat-face,286,76,472,284
000116.jpg,670,754,cat,122,4,669,375
000116.jpg,670,754,cat,91,414,492,754
000116.jpg,670,754,cat-face,120,3,620,379
000116.jpg,670,754,cat-face,316,417,484,575
000117.jpg,600,398,cat,68,88,600,392
000117.jpg,600,398,cat-face,67,90,340,322
000118.jpg,450,600,cat,114,116,322,491
000118.jpg,450,600,cat-face,145,114,307,270
000119.jpg,946,486,cat,104,2,611,486
000119.jpg,946,486,cat-face,126,1,589,363
000120.jpg,970,615,cat,219,243,633,528
000120.jpg,970,615,cat-face,219,238,650,531
000121.jpg,750,750,cat,92,164,606,548
000121.jpg,750,750,cat-face,118,165,566,526
000122.jpg,1000,668,cat,186,161,829,519
000122.jpg,1000,668,cat-face,197,159,835,526
000123.png,300,204,cat,93,43,228,199
000123.png,300,204,cat-face,96,40,202,133
000125.JPG,1200,1655,cat,334,688,1200,1463
000125.JPG,1200,1655,cat,55,213,1032,814
000125.JPG,1200,1655,cat-face,314,909,762,1307
000126.jpg,680,470,cat,348,36,611,470
000126.jpg,680,470,cat,162,5,375,445
000126.jpg,680,470,cat-face,159,4,351,192
000126.jpg,680,470,cat-face,343,88,568,324
000128.jpg,870,500,cat,117,3,727,500
000128.jpg,870,500,cat-face,123,3,752,489
000129.jpeg,500,312,cat,70,23,417,274
000129.jpeg,500,312,cat-face,66,24,417,270
000130.jpg,620,349,cat,273,60,558,243
000130.jpg,620,349,cat-face,277,62,360,160
000131.jpeg,700,467,cat,3,54,680,454
000131.jpeg,700,467,cat-face,323,157,687,434
000132.jpg,1300,867,cat,1,182,664,862
000132.jpg,1300,867,cat-face,395,184,700,438
000133.jpg,960,640,cat,371,81,951,640
000133.jpg,960,640,cat-face,351,84,916,550
000134.jpeg,630,421,cat,361,116,567,316
000134.jpeg,630,421,cat,208,56,379,286
000134.jpeg,630,421,cat,110,85,226,263
000134.jpeg,630,421,cat,296,97,356,168
000134.jpeg,630,421,cat-face,218,64,310,166
000134.jpeg,630,421,cat-face,369,119,454,196
000134.jpeg,630,421,cat-face,295,103,359,166
000134.jpeg,630,421,cat-face,112,94,228,208
000135.jpg,630,420,cat,134,4,630,419
000135.jpg,630,420,cat-face,150,1,544,333
000137.jpeg,800,410,cat,13,6,797,410
000137.jpeg,800,410,cat-face,4,9,439,385
000138.jpg,420,280,cat,41,76,329,250
000138.jpg,420,280,cat-face,228,79,332,168
000139.jpg,750,750,cat,93,207,313,599
000139.jpg,750,750,cat-face,138,214,315,376
000140.jpg,300,234,cat,3,2,289,234
000140.jpg,300,234,cat-face,49,1,295,224
000143.jpg,640,640,cat,140,110,640,632
000143.jpg,640,640,cat-face,138,127,490,442
000144.jpeg,4000,3000,cat,1052,676,2965,2328
000144.jpeg,4000,3000,cat-face,1068,676,2175,1654
000146.jpeg,960,960,cat,212,1,835,960
000146.jpeg,960,960,cat-face,416,2,837,345
000148.jpg,773,386,cat,31,15,653,366
000148.jpg,773,386,cat-face,394,11,672,276
000149.jpg,550,366,cat,163,10,371,366
000149.jpg,550,366,cat-face,220,6,342,134
000150.jpg,2208,2208,cat,660,518,1519,1870
000150.jpg,2208,2208,cat-face,695,501,1574,1342
000151.jpg,2500,3750,cat,84,1563,920,1995
000151.jpg,2500,3750,cat,600,1595,1248,2255
000151.jpg,2500,3750,cat,1068,1851,2112,3595
000151.jpg,2500,3750,cat-face,616,1775,900,2047
000153.jpg,600,478,cat,4,87,296,436
000153.jpg,600,478,cat-face,147,84,267,183
000156.png,600,395,cat,45,84,253,388
000156.png,600,395,cat,356,81,556,391
000156.png,600,395,cat-face,50,81,227,241
000156.png,600,395,cat-face,373,81,551,243
000157.jpg,600,335,cat,211,17,401,335
000157.jpg,600,335,cat-face,240,19,380,143
000158.JPG,250,417,cat,31,21,202,411
000158.JPG,250,417,cat-face,48,19,178,147
000160.jpg,570,380,cat,151,38,473,380
000160.jpg,570,380,cat-face,245,37,471,252
000161.jpg,500,320,cat,219,93,473,263
000161.jpg,500,320,cat-face,218,95,285,168
000162.jpg,730,771,cat,96,35,623,394
000162.jpg,730,771,cat-face,183,22,564,341
000165.jpg,960,540,cat,215,3,960,535
000165.jpg,960,540,cat-face,484,1,806,306
000166.jpg,690,489,cat,311,38,606,442
000166.jpg,690,489,cat,148,140,451,317
000166.jpg,690,489,cat-face,316,140,455,244
000169.png,866,500,cat,866,500,866,500
000169.png,866,500,cat,134,138,393,500
000169.png,866,500,cat,387,232,551,500
000169.png,866,500,cat,527,184,721,500
000169.png,866,500,cat-face,866,500,866,500
000169.png,866,500,cat-face,166,145,328,316
000169.png,866,500,cat-face,385,230,533,388
000169.png,866,500,cat-face,523,185,685,348
000170.jpg,559,314,cat,14,101,349,288
000170.jpg,559,314,cat-face,176,106,285,205
000171.jpeg,630,473,cat,40,11,580,473
000171.jpeg,630,473,cat-face,113,10,495,353
000172.png,380,300,cat,2,100,336,274
000172.png,380,300,cat-face,229,122,338,263
000173.jpeg,720,1280,cat,303,213,713,1253
000173.jpeg,720,1280,cat,7,141,369,1241
000173.jpeg,720,1280,cat-face,344,217,590,510
000174.jpg,600,600,cat,170,275,542,600
000174.jpg,600,600,cat-face,176,274,406,462
000175.jpeg,720,482,cat,211,232,623,402
000175.jpeg,720,482,cat-face,208,233,332,329
000176.jpg,795,437,cat,112,9,698,436
000176.jpg,795,437,cat-face,113,9,654,389
000177.jpg,650,649,cat,20,28,647,639
000177.jpg,650,649,cat-face,34,30,642,590
000178.jpg,1080,1080,cat,88,9,1079,992
000178.jpg,1080,1080,cat-face,198,6,925,708
000179.jpg,680,470,cat,345,36,610,468
000179.jpg,680,470,cat,149,3,381,445
000179.jpg,680,470,cat-face,160,5,342,188
000179.jpg,680,470,cat-face,342,92,566,323
000180.jpg,380,450,cat,44,11,380,430
000180.jpg,380,450,cat-face,74,13,341,249
000181.jpg,640,480,cat,1,35,504,456
000181.jpg,640,480,cat-face,246,14,450,245
000182.jpg,560,443,cat,7,26,267,388
000182.jpg,560,443,cat,295,106,557,389
000182.jpg,560,443,cat-face,94,11,270,185
000182.jpg,560,443,cat-face,291,116,560,329
000183.jpg,640,427,cat,185,13,520,369
000183.jpg,640,427,cat-face,281,12,427,159
000184.jpg,640,358,cat,58,104,473,266
000184.jpg,640,358,cat-face,386,116,476,216
000185.png,1143,640,cat,180,5,937,640
000185.png,1143,640,cat-face,189,5,848,419
000186.jpg,500,264,cat,277,13,498,264
000186.jpg,500,264,cat-face,293,15,498,229
000187.jpg,460,521,cat,123,164,384,426
000187.jpg,460,521,cat-face,187,162,324,272
000188.jpg,520,318,cat,322,83,469,293
000188.jpg,520,318,cat-face,371,109,469,190
000190.jpeg,630,630,cat,3,39,587,550
000190.jpeg,630,630,cat-face,235,34,563,408
000191.jpg,1300,867,cat,1,188,677,860
000191.jpg,1300,867,cat-face,419,173,698,450
000194.jpg,500,368,cat,3,5,493,368
000194.jpg,500,368,cat-face,5,6,421,343
000197.jpeg,630,421,cat,193,51,527,303
000197.jpeg,630,421,cat-face,210,53,500,249
000198.jpg,660,371,cat,37,3,645,371
000198.jpg,660,371,cat-face,42,11,260,222
000199.jpg,1600,1067,cat,212,159,1585,704
000199.jpg,1600,1067,cat-face,205,193,678,643
000200.jpg,630,577,cat,92,147,319,410
000200.jpg,630,577,cat,302,122,566,394
000200.jpg,630,577,cat-face,134,176,277,317
000200.jpg,630,577,cat-face,391,126,559,287
000202.JPG,826,550,cat,1,11,694,495
000202.JPG,826,550,cat-face,253,20,696,491
000203.png,680,453,cat,190,115,672,412
000203.png,680,453,cat-face,178,118,474,404
000204.jpg,484,252,cat,82,24,288,238
000204.jpg,484,252,cat-face,83,30,274,234
000205.jpg,640,640,cat,20,25,504,596
000205.jpg,640,640,cat-face,240,29,505,327
000206.jpg,700,467,cat,208,126,398,366
000206.jpg,700,467,cat-face,300,124,411,224
000207.jpg,1920,1280,cat,546,169,1681,1280
000207.jpg,1920,1280,cat-face,629,160,1367,894
000208.jpg,660,440,cat,30,329,79,386
000208.jpg,660,440,cat,154,278,206,337
000208.jpg,660,440,cat,140,348,231,424
000208.jpg,660,440,cat,256,254,302,300
000208.jpg,660,440,cat,290,304,348,347
000208.jpg,660,440,cat,309,369,419,440
000208.jpg,660,440,cat,387,248,444,286
000208.jpg,660,440,cat,337,272,385,319
000208.jpg,660,440,cat,403,357,494,440
000208.jpg,660,440,cat,531,299,607,343
000208.jpg,660,440,cat,445,262,493,300
000208.jpg,660,440,cat,423,322,467,395
000208.jpg,660,440,cat-face,156,279,205,334
000208.jpg,660,440,cat-face,313,370,424,439
000208.jpg,660,440,cat-face,390,250,446,293
000208.jpg,660,440,cat-face,34,331,79,388
000208.jpg,660,440,cat-face,289,303,346,349
000208.jpg,660,440,cat-face,259,255,302,303
000208.jpg,660,440,cat-face,146,351,227,425
000209.png,320,297,cat,94,5,313,297
000209.png,320,297,cat-face,126,9,235,108
000210.jpg,1240,930,cat,602,419,1114,916
000210.jpg,1240,930,cat-face,746,424,1072,693
000211.jpg,720,480,cat,245,64,720,468
000211.jpg,720,480,cat-face,270,62,618,339
000212.jpg,1100,732,cat,280,32,817,706
000212.jpg,1100,732,cat-face,298,171,668,503
000213.jpg,536,380,cat,191,144,322,247
000213.jpg,536,380,cat-face,237,150,325,228
000214.jpeg,512,340,cat,138,7,512,336
000214.jpeg,512,340,cat-face,174,2,344,158
000215.jpg,899,599,cat,278,74,607,599
000215.jpg,899,599,cat-face,373,78,602,261
000216.jpg,1000,652,cat,217,236,730,495
000216.jpg,1000,652,cat-face,534,233,684,396
000218.jpg,420,280,cat,41,68,326,249
000218.jpg,420,280,cat-face,231,78,327,169
000219.jpg,550,413,cat,120,65,234,221
000219.jpg,550,413,cat,201,132,381,334
000219.jpg,550,413,cat-face,113,65,232,218
000219.jpg,550,413,cat-face,194,128,386,331
000221.jpg,1280,720,cat,531,27,1168,702
000221.jpg,1280,720,cat-face,519,28,1044,423
000222.jpg,720,536,cat,211,130,715,536
000222.jpg,720,536,cat-face,208,129,453,372
000223.jpg,869,685,cat,50,3,477,670
000223.jpg,869,685,cat,483,1,832,648
000223.jpg,869,685,cat-face,183,378,488,677
000223.jpg,869,685,cat-face,468,258,732,555
000224.png,866,500,cat,151,147,398,499
000224.png,866,500,cat,379,227,551,500
000224.png,866,500,cat,526,186,725,500
000224.png,866,500,cat-face,164,143,334,316
000224.png,866,500,cat-face,381,227,532,390
000224.png,866,500,cat-face,524,183,682,345
000225.JPG,1200,805,cat,140,43,494,422
000225.JPG,1200,805,cat,274,280,1142,740
000225.JPG,1200,805,cat-face,135,41,319,211
000225.JPG,1200,805,cat-face,278,557,502,736
000226.jpg,960,540,cat,59,79,851,508
000226.jpg,960,540,cat-face,703,126,843,304
000228.jpg,420,746,cat,5,285,420,571
000228.jpg,420,746,cat-face,30,268,418,571
000229.jpg,600,600,cat,4,109,597,598
000229.jpg,600,600,cat-face,4,104,464,508
000230.jpg,1099,733,cat,311,11,1099,680
000230.jpg,1099,733,cat-face,338,2,900,630
000231.jpg,540,540,cat,5,129,518,540
000231.jpg,540,540,cat-face,209,141,493,386
000232.png,700,467,cat,233,38,666,467
000232.png,700,467,cat-face,252,36,565,342
000233.jpg,500,759,cat,91,333,430,759
000233.jpg,500,759,cat-face,89,328,405,600
000234.jpg,2048,1365,cat,341,9,2047,1311
000234.jpg,2048,1365,cat-face,741,9,2033,1003
000235.jpg,730,336,cat,14,3,220,336
000235.jpg,730,336,cat,235,48,467,336
000235.jpg,730,336,cat,507,4,704,336
000235.jpg,730,336,cat-face,15,1,167,152
000235.jpg,730,336,cat-face,280,48,468,247
000235.jpg,730,336,cat-face,535,5,662,141
000236.png,866,500,cat,90,41,449,500
000236.png,866,500,cat-face,144,47,442,316
000237.jpg,1000,646,cat,375,163,625,646
000237.jpg,1000,646,cat-face,414,165,619,366
000240.jpg,1240,930,cat,516,421,772,799
000240.jpg,1240,930,cat-face,545,425,745,641
000243.JPG,634,316,cat,33,2,634,305
000243.JPG,634,316,cat-face,116,5,283,167
000246.jpg,750,536,cat,301,55,599,536
000246.jpg,750,536,cat-face,310,62,565,344
000247.jpg,2048,1367,cat,362,337,1393,1107
000247.jpg,2048,1367,cat-face,922,330,1352,776
000248.jpg,972,972,cat,8,108,591,971
000248.jpg,972,972,cat-face,246,108,594,531
000252.jpg,350,233,cat,5,7,268,233
000252.jpg,350,233,cat-face,153,7,262,111
000253.JPG,1200,808,cat,38,172,278,464
000253.JPG,1200,808,cat,873,177,1185,618
000253.JPG,1200,808,cat,782,351,1187,657
000253.JPG,1200,808,cat,693,116,926,466
000253.JPG,1200,808,cat,531,300,803,605
000253.JPG,1200,808,cat,373,322,583,607
000253.JPG,1200,808,cat-face,38,168,284,389
000253.JPG,1200,808,cat-face,396,349,608,529
000253.JPG,1200,808,cat-face,534,314,771,514
000253.JPG,1200,808,cat-face,691,113,924,351
000253.JPG,1200,808,cat-face,873,171,1131,406
000253.JPG,1200,808,cat-face,760,356,1031,595
000254.jpg,550,508,cat,8,20,272,225
000254.jpg,550,508,cat,293,2,513,253
000254.jpg,550,508,cat,20,254,277,506
000254.jpg,550,508,cat,284,293,512,470
000254.jpg,550,508,cat-face,122,26,273,163
000254.jpg,550,508,cat-face,292,3,427,104
000254.jpg,550,508,cat-face,20,258,143,371
000254.jpg,550,508,cat-face,413,295,509,384
000256.jpg,600,398,cat,58,74,566,332
000256.jpg,600,398,cat-face,58,74,254,261
000258.jpg,616,772,cat,8,269,416,737
000258.jpg,616,772,cat,215,210,616,736
000258.jpg,616,772,cat-face,9,273,271,508
000258.jpg,616,772,cat-face,339,212,534,414
000260.jpg,1346,969,cat,536,104,1166,660
000260.jpg,1346,969,cat-face,580,103,1148,639
000261.jpg,960,639,cat,3,117,852,591
000261.jpg,960,639,cat-face,449,174,851,532
000262.png,315,315,cat,12,3,286,221
000262.png,315,315,cat-face,144,1,262,108
000263.jpg,1280,720,cat,258,110,684,635
000263.jpg,1280,720,cat-face,401,117,684,364
000264.jpeg,484,340,cat,104,16,307,340
000264.jpeg,484,340,cat-face,177,16,304,158
000268.jpg,460,460,cat,63,41,416,460
000268.jpg,460,460,cat-face,70,41,376,322
000270.jpg,800,447,cat,336,67,519,368
000270.jpg,800,447,cat-face,337,68,475,190
000271.jpg,1440,962,cat,31,155,1235,868
000271.jpg,1440,962,cat-face,780,140,1084,498
000272.JPG,500,750,cat,179,304,305,558
000272.JPG,500,750,cat,148,265,305,377
000272.JPG,500,750,cat,177,192,282,287
000272.JPG,500,750,cat-face,203,310,295,396
000275.jpg,1366,480,cat,455,6,999,480
000275.jpg,1366,480,cat-face,494,1,993,416
000278.jpg,667,1000,cat,34,98,662,1000
000278.jpg,667,1000,cat,356,133,566,351
000278.jpg,667,1000,cat-face,45,109,403,477
000278.jpg,667,1000,cat-face,357,147,570,351
000279.JPG,5184,3456,cat,660,961,3275,3035
000279.JPG,5184,3456,cat-face,1401,968,2883,2202
000281.jpg,600,399,cat,114,91,271,319
000281.jpg,600,399,cat,220,72,384,351
000281.jpg,600,399,cat,366,80,528,341
000281.jpg,600,399,cat-face,117,117,270,259
000281.jpg,600,399,cat-face,252,84,389,240
000281.jpg,600,399,cat-face,384,103,517,247
000283.jpg,605,429,cat,76,5,550,410
000283.jpg,605,429,cat-face,75,4,539,389
000284.jpg,849,280,cat,72,4,303,150
000284.jpg,849,280,cat,106,99,337,257
000284.jpg,849,280,cat,496,51,675,280
000284.jpg,849,280,cat,656,55,839,280
000284.jpg,849,280,cat-face,73,40,182,144
000284.jpg,849,280,cat-face,106,147,221,261
000286.jpg,780,780,cat,149,258,728,762
000286.jpg,780,780,cat-face,148,254,380,477
000287.jpg,500,375,cat,3,3,499,368
000287.jpg,500,375,cat-face,101,4,305,200
000288.jpg,697,464,cat,260,154,424,276
000288.jpg,697,464,cat-face,273,158,403,263
000289.jpg,700,389,cat,57,1,700,387
000289.jpg,700,389,cat-face,55,12,324,273
000290.jpg,1060,1400,cat,402,608,900,1085
000290.jpg,1060,1400,cat-face,487,619,856,947
000292.jpg,549,366,cat,73,127,400,366
000292.jpg,549,366,cat-face,246,122,404,258
000293.jpg,640,426,cat,80,44,637,426
000293.jpg,640,426,cat-face,94,64,417,362
000294.jpg,640,359,cat,230,17,640,356
000294.jpg,640,359,cat-face,233,20,404,208
000297.jpg,1000,667,cat,224,6,1000,641
000297.jpg,1000,667,cat-face,229,18,674,514
000298.jpg,680,681,cat,182,80,494,384
000298.jpg,680,681,cat-face,184,75,497,382
000299.jpg,600,800,cat,1,175,463,533
000299.jpg,600,800,cat-face,226,222,446,451
000301.jpg,720,480,cat,245,97,716,480
000301.jpg,720,480,cat-face,285,73,587,352
000302.jpg,600,600,cat,197,282,392,567
000302.jpg,600,600,cat-face,225,287,394,432
000303.png,1000,500,cat,4,10,902,500
000303.png,1000,500,cat-face,332,10,589,264
000304.jpg,773,872,cat,169,173,564,795
000304.jpg,773,872,cat-face,291,187,542,484
000305.jpg,338,480,cat,1,37,286,480
000305.jpg,338,480,cat-face,4,49,285,352
000307.jpg,300,455,cat,6,4,297,332
000307.jpg,300,455,cat-face,66,4,297,248
000308.jpeg,630,360,cat,138,34,500,316
000308.jpeg,630,360,cat-face,144,116,286,258
000309.jpg,447,647,cat,210,115,380,384
000309.jpg,447,647,cat-face,222,129,350,256
000311.jpeg,720,720,cat,128,53,545,680
000311.jpeg,720,720,cat-face,246,62,548,390
000313.jpg,1024,1024,cat,216,128,749,945
000313.jpg,1024,1024,cat-face,220,113,503,454
000315.jpg,500,332,cat,47,10,489,332
000315.jpg,500,332,cat-face,46,8,326,282
000316.jpg,1080,1080,cat,208,174,735,989
000316.jpg,1080,1080,cat-face,294,179,650,544
000320.jpg,250,250,cat,5,32,173,212
000320.jpg,250,250,cat-face,5,31,171,212
000323.png,567,490,cat,154,112,393,383
000323.png,567,490,cat-face,228,112,370,255
000324.jpeg,700,466,cat,268,9,647,466
000324.jpeg,700,466,cat-face,266,10,603,337
000325.jpg,520,390,cat,144,38,478,375
000325.jpg,520,390,cat-face,150,36,413,274
000327.png,290,260,cat,7,24,258,234
000327.png,290,260,cat-face,6,25,251,235
000328.jpg,560,373,cat,1,7,389,347
000328.jpg,560,373,cat-face,103,4,370,269
000329.jpg,853,436,cat,152,178,322,336
000329.jpg,853,436,cat,530,19,747,413
000329.jpg,853,436,cat-face,159,183,211,235
000329.jpg,853,436,cat-face,580,104,702,224
000330.jpg,884,512,cat,104,67,514,421
000330.jpg,884,512,cat,569,162,819,418
000330.jpg,884,512,cat-face,570,165,708,309
000331.jpg,451,300,cat,121,20,281,300
000331.jpg,451,300,cat-face,162,22,280,168
000332.jpg,800,533,cat,110,54,584,533
000332.jpg,800,533,cat-face,167,141,540,438
000336.JPG,726,481,cat,329,60,726,478
000336.JPG,726,481,cat-face,369,60,630,276
000337.jpg,680,453,cat,1,9,498,449
000337.jpg,680,453,cat-face,232,6,496,270
000338.jpg,720,960,cat,192,188,609,960
000338.jpg,720,960,cat-face,180,196,513,500
000339.jpg,400,425,cat,14,151,150,313
000339.jpg,400,425,cat,147,115,244,273
000339.jpg,400,425,cat,237,86,341,291
000339.jpg,400,425,cat-face,81,229,153,299
000339.jpg,400,425,cat-face,155,207,223,293
000339.jpg,400,425,cat-face,262,217,335,294
000340.jpg,620,412,cat,174,57,469,288
000340.jpg,620,412,cat-face,172,55,478,296
000342.jpg,500,281,cat,238,17,416,281
000342.jpg,500,281,cat-face,333,113,404,192
000343.png,700,685,cat,81,208,526,520
000343.png,700,685,cat-face,275,206,531,403
000345.jpg,532,495,cat,50,7,453,487
000345.jpg,532,495,cat-face,199,6,381,175
000346.jpg,800,785,cat,13,115,715,773
000346.jpg,800,785,cat-face,258,110,684,560
000348.jpg,380,450,cat,25,78,377,409
000348.jpg,380,450,cat-face,109,78,330,283
000349.jpg,745,1116,cat,36,173,642,745
000349.jpg,745,1116,cat,210,392,688,860
000349.jpg,745,1116,cat-face,462,156,581,295
000349.jpg,745,1116,cat-face,540,376,662,510
000351.jpg,500,333,cat,115,13,362,333
000351.jpg,500,333,cat-face,124,5,347,222
000352.JPG,640,426,cat,5,2,624,426
000352.JPG,640,426,cat-face,2,1,448,365
000353.jpg,960,640,cat,151,30,797,640
000353.jpg,960,640,cat-face,237,25,820,540
000355.JPG,970,646,cat,366,39,693,599
000355.JPG,970,646,cat-face,392,31,639,305
000356.jpg,640,220,cat,4,109,152,156
000356.jpg,640,220,cat,190,88,308,175
000356.jpg,640,220,cat,362,79,430,174
000356.jpg,640,220,cat,516,85,611,177
000356.jpg,640,220,cat-face,5,111,48,158
000356.jpg,640,220,cat-face,201,87,255,136
000356.jpg,640,220,cat-face,388,80,432,120
000356.jpg,640,220,cat-face,521,87,580,136
000358.jpg,480,270,cat,1,16,409,270
000358.jpg,480,270,cat-face,246,13,408,175
000359.jpg,700,700,cat,155,112,597,586
000359.jpg,700,700,cat-face,139,107,541,475
000360.jpg,500,759,cat,6,556,482,749
000360.jpg,500,759,cat-face,7,552,139,668
000361.jpg,640,700,cat,240,185,609,645
000361.jpg,640,700,cat-face,500,299,616,422
000362.jpg,600,449,cat,317,162,474,419
000362.jpg,600,449,cat,17,1,415,427
000362.jpg,600,449,cat-face,243,2,404,176
000364.jpg,1240,930,cat,101,139,879,930
000364.jpg,1240,930,cat-face,173,144,779,657
000365.jpg,900,1283,cat,168,224,899,1169
000365.jpg,900,1283,cat-face,180,211,680,736
000368.jpg,640,640,cat,206,290,413,519
000368.jpg,640,640,cat-face,240,284,398,452
000371.jpg,1100,618,cat,14,335,283,501
000371.jpg,1100,618,cat,16,274,277,352
000371.jpg,1100,618,cat,367,52,707,558
000371.jpg,1100,618,cat,736,16,1068,267
000371.jpg,1100,618,cat,831,315,1076,609
000371.jpg,1100,618,cat-face,472,64,699,292
000371.jpg,1100,618,cat-face,841,55,1062,268
000371.jpg,1100,618,cat-face,828,316,1018,507
000373.jpg,610,610,cat,154,46,429,602
000373.jpg,610,610,cat-face,185,49,435,279
000374.png,710,233,cat,196,65,285,233
000374.png,710,233,cat,361,117,503,230
000374.png,710,233,cat,540,46,710,125
000374.png,710,233,cat,451,19,556,76
000374.png,710,233,cat-face,451,124,499,179
000374.png,710,233,cat-face,537,52,582,97
000374.png,710,233,cat-face,603,16,646,63
000380.jpg,1200,628,cat,743,61,1022,577
000380.jpg,1200,628,cat-face,743,64,927,265
000383.jpg,480,270,cat,166,23,338,270
000383.jpg,480,270,cat-face,175,30,294,148
000384.jpg,1280,720,cat,376,17,1215,720
000384.jpg,1280,720,cat-face,763,9,1156,344
000385.jpg,700,480,cat,125,3,666,480
000385.jpg,700,480,cat-face,109,5,511,369
000388.jpg,550,413,cat,101,1,513,299
000388.jpg,550,413,cat-face,99,48,289,229
000389.jpg,500,334,cat,38,25,482,319
000389.jpg,500,334,cat-face,252,30,472,251
000390.jpg,396,421,cat,99,1,291,402
000390.jpg,396,421,cat-face,105,1,275,142
000395.jpg,620,349,cat,145,113,287,261
000395.jpg,620,349,cat,260,97,415,266
000395.jpg,620,349,cat,430,112,567,267
000395.jpg,620,349,cat-face,145,125,240,218
000395.jpg,620,349,cat-face,260,94,361,187
000395.jpg,620,349,cat-face,456,114,556,206
000397.jpg,325,325,cat,92,117,244,306
000397.jpg,325,325,cat-face,103,130,239,240
000399.jpg,2500,2957,cat,820,1450,1354,2441
000399.jpg,2500,2957,cat-face,888,1700,1260,2094
000400.jpg,620,349,cat,98,113,281,296
000400.jpg,620,349,cat-face,111,133,229,254
000402.png,500,400,cat,4,5,442,400
000402.png,500,400,cat-face,91,5,430,338
000403.jpeg,510,340,cat,2,42,402,340
000403.jpeg,510,340,cat-face,225,35,383,205
000404.jpg,250,333,cat,3,40,249,321
000404.jpg,250,333,cat-face,14,41,128,160
000406.jpg,700,464,cat,337,59,598,462
000406.jpg,700,464,cat-face,382,130,595,314
000410.jpg,720,397,cat,49,36,487,396
000410.jpg,720,397,cat-face,34,25,460,353
000411.jpg,305,400,cat,65,229,221,400
000411.jpg,305,400,cat-face,94,222,220,341
000412.jpg,900,1200,cat,19,194,873,1200
000412.jpg,900,1200,cat-face,203,186,535,565
000414.jpg,480,360,cat,233,90,417,315
000414.jpg,480,360,cat,34,102,232,310
000414.jpg,480,360,cat-face,77,104,234,267
000414.jpg,480,360,cat-face,237,95,393,249
000415.JPG,825,550,cat,47,1,698,420
000415.JPG,825,550,cat-face,423,35,704,404
000416.jpg,816,1060,cat,124,264,296,443
000416.jpg,816,1060,cat,35,615,211,798
000416.jpg,816,1060,cat,280,632,533,830
000416.jpg,816,1060,cat,558,714,645,816
000416.jpg,816,1060,cat,626,693,682,812
000416.jpg,816,1060,cat,660,707,728,827
000416.jpg,816,1060,cat,712,707,765,817
000416.jpg,816,1060,cat,754,722,793,805
000416.jpg,816,1060,cat-face,154,263,299,388
000416.jpg,816,1060,cat-face,48,643,218,798
000416.jpg,816,1060,cat-face,344,650,471,779
000416.jpg,816,1060,cat-face,572,714,631,785
000416.jpg,816,1060,cat-face,633,688,676,744
000416.jpg,816,1060,cat-face,667,713,720,755
000416.jpg,816,1060,cat-face,714,698,765,770
000416.jpg,816,1060,cat-face,751,719,793,769
000419.jpg,620,749,cat,3,1,618,749
000419.jpg,620,749,cat-face,1,6,619,689
000420.png,640,914,cat,143,151,473,816
000420.png,640,914,cat-face,232,163,456,380
000421.jpg,500,500,cat,250,64,399,223
000421.jpg,500,500,cat-face,242,63,394,216
000423.jpg,3029,1673,cat,2161,1221,2694,1673
000423.jpg,3029,1673,cat,957,1045,1935,1673
000423.jpg,3029,1673,cat,37,623,478,1382
000423.jpg,3029,1673,cat,157,369,550,806
000423.jpg,3029,1673,cat,365,589,907,1363
000423.jpg,3029,1673,cat,1161,547,1544,1071
000423.jpg,3029,1673,cat,1511,399,1996,945
000423.jpg,3029,1673,cat,1578,793,1976,1458
000423.jpg,3029,1673,cat,2278,582,2626,1076
000423.jpg,3029,1673,cat,1354,71,1683,584
000423.jpg,3029,1673,cat,970,306,1326,858
000423.jpg,3029,1673,cat,539,130,974,645
000423.jpg,3029,1673,cat,1785,58,2152,452
000423.jpg,3029,1673,cat-face,1165,530,1535,915
000423.jpg,3029,1673,cat-face,1648,358,1965,726
000423.jpg,3029,1673,cat-face,2300,567,2600,893
000423.jpg,3029,1673,cat-face,1359,54,1670,369
000423.jpg,3029,1673,cat-face,180,367,557,710
000423.jpg,3029,1673,cat-face,57,658,415,1041
000423.jpg,3029,1673,cat-face,976,1056,1380,1449
000423.jpg,3029,1673,cat-face,1622,765,1946,1160
000423.jpg,3029,1673,cat-face,1789,32,2148,365
000423.jpg,3029,1673,cat-face,2300,30,2617,317
000423.jpg,3029,1673,cat-face,602,143,1015,513
000423.jpg,3029,1673,cat-face,2598,795,2978,1154
000424.jpg,620,675,cat,240,38,613,594
000424.jpg,620,675,cat-face,233,34,470,292
000425.jpg,690,250,cat,22,80,167,233
000425.jpg,690,250,cat,482,81,672,229
000425.jpg,690,250,cat-face,26,82,121,181
000425.jpg,690,250,cat-face,319,81,387,141
000425.jpg,690,250,cat-face,555,73,665,187
000426.JPG,640,427,cat,123,45,594,412
000426.JPG,640,427,cat-face,100,141,339,394
000428.jpeg,630,627,cat,66,59,612,627
000428.jpeg,630,627,cat-face,70,62,279,286
000430.jpg,1240,930,cat,453,247,1239,892
000430.jpg,1240,930,cat-face,462,271,690,541
000431.jpg,700,394,cat,82,130,245,303
000431.jpg,700,394,cat,318,150,402,220
000431.jpg,700,394,cat-face,82,126,165,206
000431.jpg,700,394,cat-face,321,154,395,211
000432.jpg,880,880,cat,110,6,736,880
000432.jpg,880,880,cat-face,135,3,746,645
000433.jpg,500,667,cat,50,208,413,527
000433.jpg,500,667,cat-face,94,204,429,538
000434.jpg,500,281,cat,59,8,469,265
000434.jpg,500,281,cat-face,60,65,259,251
000437.jpg,640,423,cat,270,51,571,373
000437.jpg,640,423,cat-face,267,53,569,344
000438.jpg,960,640,cat,18,63,845,590
000438.jpg,960,640,cat-face,381,179,821,585
000439.jpg,461,537,cat,51,1,297,381
000439.jpg,461,537,cat-face,115,1,293,160
000440.jpg,720,480,cat,244,147,629,427
000440.jpg,720,480,cat-face,252,151,364,270
000442.jpg,768,768,cat,140,142,558,765
000442.jpg,768,768,cat-face,152,146,449,457
000443.jpg,500,759,cat,14,101,227,475
000443.jpg,500,759,cat-face,72,107,206,244
000444.jpg,640,800,cat,4,14,628,798
000444.jpg,640,800,cat-face,303,9,632,413
000445.jpg,720,479,cat,172,17,540,479
000445.jpg,720,479,cat-face,186,14,531,377
000446.jpg,272,320,cat,47,50,272,239
000446.jpg,272,320,cat-face,48,55,242,233
000448.jpg,600,423,cat,240,197,501,395
000448.jpg,600,423,cat,57,28,382,278
000448.jpg,600,423,cat-face,299,26,380,126
000448.jpg,600,423,cat-face,238,195,357,312
000449.jpg,2048,1536,cat,383,551,1016,1005
000449.jpg,2048,1536,cat,1290,503,1824,936
000449.jpg,2048,1536,cat-face,647,551,977,910
000449.jpg,2048,1536,cat-face,1503,526,1828,890
000450.jpg,624,351,cat,148,48,466,351
000450.jpg,624,351,cat-face,148,54,342,259
000452.jpg,700,700,cat,2,56,338,663
000452.jpg,700,700,cat-face,13,59,333,407
000453.jpg,640,700,cat,201,162,454,630
000453.jpg,640,700,cat-face,223,153,400,354
000454.jpg,500,334,cat,118,2,390,327
000454.jpg,500,334,cat-face,128,3,282,164
000456.jpg,660,440,cat,3,96,521,396
000456.jpg,660,440,cat-face,266,88,486,321
000458.jpg,510,338,cat,47,9,456,338
000458.jpg,510,338,cat-face,57,13,417,335
000462.jpg,849,400,cat,7,5,211,390
000462.jpg,849,400,cat,592,176,674,367
000462.jpg,849,400,cat-face,16,6,202,193
000462.jpg,849,400,cat-face,615,181,670,233
000463.jpeg,720,720,cat,208,27,548,657
000463.jpeg,720,720,cat-face,228,19,475,313
000465.png,700,391,cat,91,42,443,372
000465.png,700,391,cat-face,248,39,436,240
000466.jpg,550,544,cat,93,15,471,498
000466.jpg,550,544,cat-face,189,15,470,291
000469.jpg,395,330,cat,36,122,283,270
000469.jpg,395,330,cat-face,205,120,271,187
000472.jpg,480,720,cat,29,36,476,701
000472.jpg,480,720,cat-face,68,42,471,445
000473.jpeg,659,470,cat,76,20,515,448
000473.jpeg,659,470,cat-face,313,62,484,204
000474.jpg,500,461,cat,40,156,239,365
000474.jpg,500,461,cat-face,43,163,230,358
000475.jpg,720,480,cat,149,92,351,446
000475.jpg,720,480,cat-face,161,226,335,431
000479.jpg,300,208,cat,39,1,249,205
000479.jpg,300,208,cat-face,82,1,190,114
000481.jpeg,720,720,cat,221,206,559,528
000481.jpeg,720,720,cat-face,229,197,544,465
000482.jpg,610,343,cat,199,28,392,191
000482.jpg,610,343,cat,142,117,458,333
000482.jpg,610,343,cat-face,204,30,282,111
000482.jpg,610,343,cat-face,157,123,265,234
000485.jpg,849,440,cat,16,118,298,332
000485.jpg,849,440,cat,220,119,514,360
000485.jpg,849,440,cat,562,100,800,356
000485.jpg,849,440,cat-face,8,194,153,307
000485.jpg,849,440,cat-face,217,205,374,358
000485.jpg,849,440,cat-face,651,162,806,313
000486.jpg,613,640,cat,53,12,490,578
000486.jpg,613,640,cat-face,151,18,484,367
000489.jpg,559,560,cat,274,292,556,516
000489.jpg,559,560,cat-face,280,302,479,501
000495.jpg,630,800,cat,221,435,416,757
000495.jpg,630,800,cat-face,315,441,416,588
000496.jpg,800,534,cat,188,139,525,394
000496.jpg,800,534,cat-face,192,135,532,368
000499.jpg,600,600,cat,290,11,583,293
000499.jpg,600,600,cat,33,25,239,259
000499.jpg,600,600,cat,18,310,140,442
000499.jpg,600,600,cat,147,301,287,444
000499.jpg,600,600,cat,304,303,439,444
000499.jpg,600,600,cat,452,304,579,451
000499.jpg,600,600,cat,11,452,140,597
000499.jpg,600,600,cat,208,452,296,600
000499.jpg,600,600,cat,151,458,223,594
000499.jpg,600,600,cat,313,454,445,600
000499.jpg,600,600,cat,457,458,546,597
000499.jpg,600,600,cat-face,67,46,227,192
000499.jpg,600,600,cat-face,360,11,544,181
000499.jpg,600,600,cat-face,20,306,109,392
000499.jpg,600,600,cat-face,197,300,295,384
000499.jpg,600,600,cat-face,334,297,444,389
000499.jpg,600,600,cat-face,489,304,585,396
000499.jpg,600,600,cat-face,526,474,588,535
000499.jpg,600,600,cat-face,463,454,530,522
000499.jpg,600,600,cat-face,332,453,421,527
000499.jpg,600,600,cat-face,17,446,123,547
000001.jpg,960,585,cat-face,314,94,562,291
000001.jpg,960,585,cat,159,95,564,556
100.jpg,648,972,cat-face,271,193,493,425
100.jpg,648,972,cat,205,195,533,879
101.jpeg,5472,3648,cat-face,29,1,5406,3604
102.jpg,5935,3898,cat-face,2000,414,2626,1031
102.jpg,5935,3898,cat,196,388,3043,1731
102.jpg,5935,3898,cat-face,3874,236,4400,792
102.jpg,5935,3898,cat,3343,214,4413,1823
102.jpg,5935,3898,cat-face,5026,292,5635,923
102.jpg,5935,3898,cat,4878,271,5709,1871
102.jpg,5935,3898,cat-face,1130,2092,1635,2640
102.jpg,5935,3898,cat,348,2053,1648,3701
102.jpg,5935,3898,cat-face,2222,2131,2843,2810
102.jpg,5935,3898,cat,2226,2131,4443,3766
102.jpg,5935,3898,cat-face,4691,2092,5739,3431
103.jpeg,4592,2576,cat-face,2447,220,3787,1575
103.jpeg,4592,2576,cat,1704,217,3828,2576
104.jpg,1024,768,cat-face,305,50,704,418
104.jpg,1024,768,cat,90,46,676,679
105.jpg,640,427,cat-face,198,82,298,197
105.jpg,640,427,cat,196,80,454,283
106.jpeg,3441,2294,cat-face,572,812,2314,1965
106.jpeg,3441,2294,cat,559,75,3392,2075
107.jpg,1500,1000,cat-face,537,295,1002,792
108.jpeg,5456,3632,cat-face,1198,484,3630,3456
109.jpg,1024,716,cat-face,131,266,368,526
109.jpg,1024,716,cat-face,313,318,578,645
110.jpg,960,640,cat-face,119,48,452,368
110.jpg,960,640,cat-face,538,126,932,438
111.jpg,1024,576,cat-face,208,38,865,510
112.jpeg,6000,4000,cat-face,1054,204,3849,2952
112.jpeg,6000,4000,cat,1041,182,5715,3930
113.jpg,1058,641,cat-face,558,27,851,279
113.jpg,1058,641,cat,89,24,1031,494
114.jpg,604,600,cat-face,97,142,168,213
114.jpg,604,600,cat,20,7,170,282
114.jpg,604,600,cat-face,274,25,359,120
114.jpg,604,600,cat,246,16,380,292
114.jpg,604,600,cat-face,435,8,542,105
114.jpg,604,600,cat,433,4,568,289
114.jpg,604,600,cat-face,52,326,144,428
114.jpg,604,600,cat,44,323,154,575
114.jpg,604,600,cat-face,271,316,378,418
114.jpg,604,600,cat,208,314,387,589
114.jpg,604,600,cat-face,410,308,570,478
114.jpg,604,600,cat,408,307,597,600
115.jpeg,6000,4000,cat-face,928,39,5949,3748
116.jpg,960,641,cat-face,189,53,628,524
116.jpg,960,641,cat-face,674,5,960,461
116.jpg,960,641,cat-face,1,130,206,579
116.jpg,960,641,cat-face,1,1,242,189
117.jpg,2207,3055,cat-face,537,479,1514,1453
117.jpg,2207,3055,cat,166,478,2207,2927
118.jpg,1024,768,cat-face,181,1,778,454
118.jpg,1024,768,cat,178,1,1024,742
119.jpeg,2304,1536,cat-face,398,1,2265,1290
120.jpg,450,600,cat-face,61,38,433,456
121.jpeg,3004,3755,cat,444,745,2344,3065
122.jpg,480,720,cat-face,82,96,342,455
122.jpg,480,720,cat,80,90,448,600
123.jpg,2723,4085,cat-face,1450,538,2507,1585
123.jpg,2723,4085,cat,168,533,2507,4064
124.jpg,960,640,cat-face,144,100,456,450
124.jpg,960,640,cat,141,96,940,499
125.jpg,1024,680,cat-face,163,45,442,276
125.jpg,1024,680,cat,163,47,606,679
126.jpg,3456,2304,cat,1599,240,3149,2055
127.jpg,1024,1024,cat-face,319,69,612,597
128.jpg,5129,3417,cat-face,1373,296,3225,2252
128.jpg,5129,3417,cat,666,289,3466,3371
129.jpg,984,564,cat-face,680,16,871,218
129.jpg,984,564,cat,29,13,959,507
37.jpeg,1976,1956,cat-face,718,228,1553,1353
37.jpeg,1976,1956,cat,15,1,1564,1811
38.jpg,600,600,cat-face,171,16,540,292
39.jpg,1421,1182,cat-face,26,12,1421,1147
40.jpg,3200,2212,cat-face,870,184,2679,1908
41.jpeg,5184,3456,cat-face,509,128,4186,3402
42.jpg,3456,4608,cat-face,805,839,2035,2089
42.jpg,3456,4608,cat,800,824,2715,4054
43.jpg,2048,1536,cat-face,334,31,1379,1515
44.jpg,786,1000,cat-face,447,822,509,897
44.jpg,786,1000,cat,367,715,515,941
45.jpg,2067,1163,cat-face,242,75,1453,1007
46.jpg,960,640,cat-face,120,7,829,620
47.png,308,500,cat,1,1,308,495
48.jpg,960,640,cat-face,199,30,530,364
49.jpg,480,640,cat-face,480,640,480,640
49.jpg,480,640,cat-face,140,78,300,254
49.jpg,480,640,cat,127,73,362,604
50.jpeg,4870,3748,cat-face,1624,1013,3853,3462
51.jpg,3200,2212,cat-face,1056,175,2606,2008
52.jpg,3456,5184,cat-face,1264,1858,2531,3286
52.jpg,3456,5184,cat,297,1836,2547,4480
53.jpeg,3456,4608,cat-face,22,1,3405,4309
54.jpg,3216,2136,cat-face,74,405,1525,1339
54.jpg,3216,2136,cat,65,398,3211,1960
55.jpg,960,640,cat-face,100,13,801,615
56.jpeg,3028,2128,cat-face,558,231,1826,1759
57.jpg,960,640,cat-face,196,31,809,623
58.jpg,1024,696,cat-face,435,44,800,522
59.jpeg,6000,4000,cat-face,3102,865,4484,2335
59.jpeg,6000,4000,cat,975,852,4471,2991
60.jpg,1024,768,cat-face,205,1,1024,756
61.jpg,3556,4000,cat-face,506,530,2736,2391
62.JPG,3504,2336,cat-face,338,5,3504,1943
63.jpeg,4608,3072,cat-face,1339,175,4242,2373
64.jpeg,3024,1706,cat-face,1458,42,2117,589
64.jpeg,3024,1706,cat,1447,33,2591,1663
65.jpg,1024,768,cat-face,350,113,531,291
65.jpg,1024,768,cat,292,108,899,748
66.jpeg,6000,4000,cat-face,849,17,5897,3713
67.png,353,500,cat,18,12,353,500
68.jpg,1016,719,cat-face,16,266,186,463
68.jpg,1016,719,cat,13,2,993,699
69.jpeg,5184,3888,cat-face,597,77,4493,3327
70.jpg,960,640,cat-face,306,9,960,625
71.jpeg,3441,2294,cat-face,544,707,2477,2062
71.jpeg,3441,2294,cat,599,30,3441,2131
72.jpg,868,720,cat-face,195,80,786,522
72.jpg,868,720,cat,169,79,782,686
73.jpeg,5472,3648,cat-face,2330,1812,3386,2912
73.jpeg,5472,3648,cat-face,2494,1,3577,1304
73.jpeg,5472,3648,cat-face,454,260,1610,1476
73.jpeg,5472,3648,cat,6,216,2294,3648
73.jpeg,5472,3648,cat,2482,8,5472,3471
74.jpeg,3840,2160,cat-face,2149,324,2932,1060
74.jpeg,3840,2160,cat,665,1,2943,1988
75.jpg,1024,683,cat-face,443,36,733,468
76.jpg,960,649,cat-face,266,175,563,445
76.jpg,960,649,cat,264,172,806,617
77.JPG,521,780,cat-face,209,395,439,629
77.JPG,521,780,cat,8,164,440,632
78.jpg,960,571,cat-face,564,78,727,233
78.jpg,960,571,cat,387,72,729,536
79.jpeg,2994,4177,cat-face,476,219,2530,2033
79.jpeg,2994,4177,cat,208,210,2744,3906
80.jpg,5850,3900,cat-face,830,867,2343,2404
80.jpg,5850,3900,cat,755,858,2710,2963
81.jpeg,1658,2781,cat-face,771,1281,1347,1708
81.jpeg,1658,2781,cat,691,1275,1421,2637
82.jpg,1024,683,cat-face,348,15,968,657
83.jpg,685,1024,cat,3,98,637,922
84.jpg,565,720,cat-face,258,162,519,471
84.jpg,565,720,cat,247,154,542,622
85.jpg,5130,3420,cat-face,1,35,5052,3361
86.jpg,1023,576,cat-face,304,41,659,387
86.jpg,1023,576,cat,224,38,662,503
87.jpeg,3648,5168,cat-face,810,856,3515,2972
88.jpg,5184,3456,cat-face,501,1,4833,3361
89.jpg,540,720,cat-face,214,68,380,195
89.jpg,540,720,cat,143,66,480,618
90.jpeg,1628,1636,cat-face,748,742,1423,1432
90.jpeg,1628,1636,cat,372,98,1428,1465
91.jpg,960,640,cat-face,375,22,663,322
92.jpeg,4000,3000,cat-face,1,51,3868,2870
93.jpg,640,640,cat-face,25,1,640,578
94.png,500,1011,cat-face,25,66,242,306
94.png,500,1011,cat-face,249,60,498,308
95.jpeg,2048,1361,cat-face,239,1,736,454
95.jpeg,2048,1361,cat,206,1,793,999
96.jpg,960,640,cat-face,345,97,835,533
97.jpeg,4608,3072,cat-face,1479,155,4125,2333
98.jpg,500,500,cat-face,186,1,367,172
98.jpg,500,500,cat,136,1,396,478
99.jpeg,6000,4000,cat-face,802,39,3832,3682
